{"cameraMode":{"drawMode":0,"name":"Shaded","section":"Shading Mode"},"sceneLighting":true,"audioPlay":false,"sceneViewState":{"showFog":false,"showMaterialUpdate":false,"showSkybox":false,"showFlares":false,"showImageEffects":false,"showParticleSystems":false},"in2DMode":false,"pivot":{"x":-0.004000186920166016,"y":5.005000114440918,"z":0.7829999923706055},"rotation":{"x":0.053424082696437839,"y":-0.9135057926177979,"z":0.3834478557109833,"w":0.12582506239414216},"size":9.699483871459961,"orthographic":false}