{"cameraMode":{"drawMode":0,"name":"Shaded","section":"Shading Mode"},"sceneLighting":false,"audioPlay":false,"sceneViewState":{"showFog":false,"showMaterialUpdate":false,"showSkybox":false,"showFlares":false,"showImageEffects":false,"showParticleSystems":false},"in2DMode":false,"pivot":{"x":0.009005546569824219,"y":1.0934275388717652,"z":1.03627610206604},"rotation":{"x":-0.14753900468349458,"y":0.37922000885009768,"z":-0.06151479855179787,"w":-0.9116600751876831},"size":2.0417935848236086,"orthographic":false}