{"cameraMode":{"drawMode":0,"name":"Shaded","section":"Shading Mode"},"sceneLighting":false,"audioPlay":false,"sceneViewState":{"showFog":false,"showMaterialUpdate":false,"showSkybox":false,"showFlares":false,"showImageEffects":false,"showParticleSystems":false},"in2DMode":false,"pivot":{"x":2.070071220397949,"y":-0.5079279541969299,"z":0.01679760217666626},"rotation":{"x":-0.5012869834899902,"y":0.4410063326358795,"z":-0.3321523368358612,"w":-0.6666214466094971},"size":4.210081100463867,"orthographic":false}