{"cameraMode":{"drawMode":0,"name":"Shaded","section":"Shading Mode"},"sceneLighting":false,"audioPlay":false,"sceneViewState":{"showFog":false,"showMaterialUpdate":false,"showSkybox":false,"showFlares":false,"showImageEffects":false,"showParticleSystems":false},"in2DMode":false,"pivot":{"x":0.07132978737354279,"y":1.6667340993881226,"z":-1.698596715927124},"rotation":{"x":-0.00024657920585013926,"y":-1.0000109672546387,"z":-0.009009757079184056,"w":-0.019516967236995698},"size":1.1877481937408448,"orthographic":false}