{"cameraMode":{"drawMode":0,"name":"Shaded","section":"Shading Mode"},"sceneLighting":false,"audioPlay":false,"sceneViewState":{"showFog":false,"showMaterialUpdate":false,"showSkybox":false,"showFlares":false,"showImageEffects":false,"showParticleSystems":false},"in2DMode":false,"pivot":{"x":-218.4925537109375,"y":-2.3229172229766847,"z":-416.51025390625},"rotation":{"x":-0.04991907626390457,"y":-0.9477716684341431,"z":0.17964594066143037,"w":-0.25977450609207156},"size":1.056774377822876,"orthographic":false}