{"cameraMode":{"drawMode":0,"name":"Shaded","section":"Shading Mode"},"sceneLighting":false,"audioPlay":false,"sceneViewState":{"showFog":true,"showMaterialUpdate":false,"showSkybox":false,"showFlares":true,"showImageEffects":true,"showParticleSystems":true},"in2DMode":false,"pivot":{"x":-0.000001430511474609375,"y":1.1920928955078126e-7,"z":-0.0004999637603759766},"rotation":{"x":-0.21749362349510194,"y":0.575821042060852,"z":-0.1618054211139679,"w":-0.7714126110076904},"size":3.124889373779297,"orthographic":false}