{"cameraMode":{"drawMode":0,"name":"Shaded","section":"Shading Mode"},"sceneLighting":true,"audioPlay":false,"sceneViewState":{"showFog":false,"showMaterialUpdate":false,"showSkybox":false,"showFlares":false,"showImageEffects":false,"showParticleSystems":false},"in2DMode":false,"pivot":{"x":-180.01638793945313,"y":-1.0810691118240357,"z":-394.44903564453127},"rotation":{"x":-0.015744606032967569,"y":0.9805012345314026,"z":-0.09306483715772629,"w":-0.1738942414522171},"size":0.8660253882408142,"orthographic":false}