{"cameraMode":{"drawMode":0,"name":"Shaded","section":"Shading Mode"},"sceneLighting":false,"audioPlay":false,"sceneViewState":{"showFog":false,"showMaterialUpdate":false,"showSkybox":false,"showFlares":false,"showImageEffects":false,"showParticleSystems":false},"in2DMode":false,"pivot":{"x":2.5798661708831789,"y":-1.7759983539581299,"z":-0.1499999761581421},"rotation":{"x":-0.1328769326210022,"y":0.15810035169124604,"z":-0.021604983136057855,"w":-0.9784502983093262},"size":6.01904296875,"orthographic":false}