{"cameraMode":{"drawMode":0,"name":"Shaded","section":"Shading Mode"},"sceneLighting":false,"audioPlay":false,"sceneViewState":{"showFog":false,"showMaterialUpdate":false,"showSkybox":false,"showFlares":false,"showImageEffects":false,"showParticleSystems":false},"in2DMode":false,"pivot":{"x":-0.18850922584533692,"y":-0.5156641602516174,"z":1.9489352703094483},"rotation":{"x":-0.11645811051130295,"y":-0.23199744522571565,"z":0.027842562645673753,"w":-0.9655687212944031},"size":2.657884120941162,"orthographic":false}