{"cameraMode":{"drawMode":0,"name":"Shaded","section":"Shading Mode"},"sceneLighting":false,"audioPlay":false,"sceneViewState":{"showFog":false,"showMaterialUpdate":false,"showSkybox":false,"showFlares":false,"showImageEffects":false,"showParticleSystems":false},"in2DMode":false,"pivot":{"x":1.2498257160186768,"y":-1.0345962047576905,"z":0.46578168869018557},"rotation":{"x":-0.15403586626052857,"y":0.2630760669708252,"z":-0.042717475444078448,"w":-0.951694667339325},"size":5.238466739654541,"orthographic":false}