{"cameraMode":{"drawMode":0,"name":"Shaded","section":"Shading Mode"},"sceneLighting":false,"audioPlay":false,"sceneViewState":{"showFog":false,"showMaterialUpdate":false,"showSkybox":false,"showFlares":false,"showImageEffects":false,"showParticleSystems":false},"in2DMode":false,"pivot":{"x":2.7481706142425539,"y":-1.0286598205566407,"z":-0.07759416103363037},"rotation":{"x":-0.15403586626052857,"y":0.2630760669708252,"z":-0.042717475444078448,"w":-0.951694667339325},"size":5.582427024841309,"orthographic":false}