{"cameraMode":{"drawMode":0,"name":"Shaded","section":"Shading Mode"},"sceneLighting":false,"audioPlay":false,"sceneViewState":{"showFog":false,"showMaterialUpdate":false,"showSkybox":false,"showFlares":false,"showImageEffects":false,"showParticleSystems":false},"in2DMode":false,"pivot":{"x":6.583164215087891,"y":-6.298206806182861,"z":1.8564109802246094},"rotation":{"x":-0.15403586626052857,"y":0.2630760669708252,"z":-0.042717475444078448,"w":-0.951694667339325},"size":34.519954681396487,"orthographic":false}