{"cameraMode":{"drawMode":0,"name":"Shaded","section":"Shading Mode"},"sceneLighting":true,"audioPlay":false,"sceneViewState":{"showFog":false,"showMaterialUpdate":false,"showSkybox":false,"showFlares":false,"showImageEffects":false,"showParticleSystems":false},"in2DMode":false,"pivot":{"x":-208.57186889648438,"y":-296.99530029296877,"z":-298.7407531738281},"rotation":{"x":-0.5828927755355835,"y":0.024695567786693574,"z":-0.017115814611315728,"w":-0.8121598958969116},"size":199.64817810058595,"orthographic":false}