{"cameraMode":{"drawMode":0,"name":"Shaded","section":"Shading Mode"},"sceneLighting":true,"audioPlay":false,"sceneViewState":{"showFog":false,"showMaterialUpdate":false,"showSkybox":false,"showFlares":false,"showImageEffects":false,"showParticleSystems":false},"in2DMode":false,"pivot":{"x":-181.53382873535157,"y":-28.904685974121095,"z":-427.0995788574219},"rotation":{"x":-0.2108205109834671,"y":-0.7302868962287903,"z":0.25727978348731997,"w":-0.5970962047576904},"size":74.18206787109375,"orthographic":false}