{"cameraMode":{"drawMode":0,"name":"Shaded","section":"Shading Mode"},"sceneLighting":false,"audioPlay":false,"sceneViewState":{"showFog":false,"showMaterialUpdate":false,"showSkybox":false,"showFlares":false,"showImageEffects":false,"showParticleSystems":false},"in2DMode":false,"pivot":{"x":3.360837936401367,"y":-0.8420286178588867,"z":-0.8009334802627564},"rotation":{"x":-0.15403586626052857,"y":0.2630760669708252,"z":-0.042717475444078448,"w":-0.951694667339325},"size":7.016873359680176,"orthographic":false}