{"cameraMode":{"drawMode":0,"name":"Shaded","section":"Shading Mode"},"sceneLighting":false,"audioPlay":false,"sceneViewState":{"showFog":false,"showMaterialUpdate":false,"showSkybox":false,"showFlares":false,"showImageEffects":false,"showParticleSystems":false},"in2DMode":false,"pivot":{"x":4.657101154327393,"y":-0.6860837936401367,"z":1.604538917541504},"rotation":{"x":-0.15403586626052857,"y":0.2630760669708252,"z":-0.042717475444078448,"w":-0.951694667339325},"size":5.45129919052124,"orthographic":false}