{"cameraMode":{"drawMode":0,"name":"Shaded","section":"Shading Mode"},"sceneLighting":false,"audioPlay":false,"sceneViewState":{"showFog":false,"showMaterialUpdate":false,"showSkybox":false,"showFlares":false,"showImageEffects":false,"showParticleSystems":false},"in2DMode":false,"pivot":{"x":-177.57415771484376,"y":-1.628322720527649,"z":-394.46380615234377},"rotation":{"x":0.028701694682240487,"y":0.971858561038971,"z":-0.151228666305542,"w":0.1797962784767151},"size":1.3111125230789185,"orthographic":false}