{"cameraMode":{"drawMode":0,"name":"Shaded","section":"Shading Mode"},"sceneLighting":true,"audioPlay":false,"sceneViewState":{"showFog":false,"showMaterialUpdate":false,"showSkybox":false,"showFlares":false,"showImageEffects":false,"showParticleSystems":false},"in2DMode":false,"pivot":{"x":-259.8565368652344,"y":-270.0075988769531,"z":-390.36627197265627},"rotation":{"x":-0.7043085098266602,"y":-0.013602672144770623,"z":0.013914565555751324,"w":-0.7098338603973389},"size":135.486328125,"orthographic":false}