{"cameraMode":{"drawMode":0,"name":"Shaded","section":"Shading Mode"},"sceneLighting":true,"audioPlay":false,"sceneViewState":{"showFog":false,"showMaterialUpdate":false,"showSkybox":false,"showFlares":false,"showImageEffects":false,"showParticleSystems":false},"in2DMode":false,"pivot":{"x":-0.004000186920166016,"y":3.4000000953674318,"z":0.7829999923706055},"rotation":{"x":0.03143461048603058,"y":0.9545875191688538,"z":-0.2750663459300995,"w":0.11087068915367127},"size":8.487049102783204,"orthographic":false}