{"cameraMode":{"drawMode":0,"name":"Shaded","section":"Shading Mode"},"sceneLighting":false,"audioPlay":false,"sceneViewState":{"showFog":false,"showMaterialUpdate":false,"showSkybox":false,"showFlares":false,"showImageEffects":false,"showParticleSystems":false},"in2DMode":false,"pivot":{"x":0.5323495864868164,"y":-2.0920896530151369,"z":1.5415029525756837},"rotation":{"x":-0.1328769326210022,"y":0.15810035169124604,"z":-0.021604983136057855,"w":-0.9784502983093262},"size":6.9015913009643559,"orthographic":false}