{"cameraMode":{"drawMode":0,"name":"Shaded","section":"Shading Mode"},"sceneLighting":true,"audioPlay":false,"sceneViewState":{"showFog":true,"showMaterialUpdate":false,"showSkybox":true,"showFlares":true,"showImageEffects":true,"showParticleSystems":true},"in2DMode":false,"pivot":{"x":58.58184814453125,"y":-8.914287567138672,"z":147.49087524414063},"rotation":{"x":-0.040316104888916019,"y":-0.15316858887672425,"z":0.006254200357943773,"w":-0.9873577952384949},"size":0.3444180488586426,"orthographic":false}