{"cameraMode":{"drawMode":0,"name":"Shaded","section":"Shading Mode"},"sceneLighting":true,"audioPlay":false,"sceneViewState":{"showFog":true,"showMaterialUpdate":false,"showSkybox":true,"showFlares":true,"showImageEffects":true,"showParticleSystems":true},"in2DMode":false,"pivot":{"x":333.4609375,"y":-52.71061706542969,"z":435.67803955078127},"rotation":{"x":0.2437853366136551,"y":0.38252222537994387,"z":-0.10537547618150711,"w":0.8849567770957947},"size":216.5626220703125,"orthographic":false}