{"cameraMode":{"drawMode":0,"name":"Shaded","section":"Shading Mode"},"sceneLighting":false,"audioPlay":false,"sceneViewState":{"showFog":false,"showMaterialUpdate":false,"showSkybox":false,"showFlares":false,"showImageEffects":false,"showParticleSystems":false},"in2DMode":false,"pivot":{"x":2.550222158432007,"y":-0.6034553050994873,"z":0.032904624938964847},"rotation":{"x":-0.1745334416627884,"y":0.5944928526878357,"z":-0.13431575894355775,"w":-0.773665726184845},"size":5.425622940063477,"orthographic":false}