{"cameraMode":{"drawMode":0,"name":"Shaded","section":"Shading Mode"},"sceneLighting":false,"audioPlay":false,"sceneViewState":{"showFog":false,"showMaterialUpdate":false,"showSkybox":false,"showFlares":false,"showImageEffects":false,"showParticleSystems":false},"in2DMode":false,"pivot":{"x":-0.8155927062034607,"y":13.43694019317627,"z":-1.5213947296142579},"rotation":{"x":-0.00024657920585013926,"y":-1.0000109672546387,"z":-0.009009757079184056,"w":-0.019516967236995698},"size":7.967782974243164,"orthographic":false}