{"cameraMode":{"drawMode":0,"name":"Shaded","section":"Shading Mode"},"sceneLighting":true,"audioPlay":false,"sceneViewState":{"showFog":true,"showMaterialUpdate":false,"showSkybox":true,"showFlares":true,"showImageEffects":true,"showParticleSystems":true},"in2DMode":false,"pivot":{"x":-8.508947372436524,"y":10.210659980773926,"z":-31.523767471313478},"rotation":{"x":0.4507511854171753,"y":-0.15679995715618134,"z":0.08009207993745804,"w":0.8751949667930603},"size":6.523033142089844,"orthographic":false}