{"cameraMode":{"drawMode":0,"name":"Shaded","section":"Shading Mode"},"sceneLighting":true,"audioPlay":false,"sceneViewState":{"showFog":false,"showMaterialUpdate":false,"showSkybox":false,"showFlares":false,"showImageEffects":false,"showParticleSystems":false},"in2DMode":false,"pivot":{"x":487.8189392089844,"y":293.4881591796875,"z":-136.55328369140626},"rotation":{"x":0.0015024635940790177,"y":0.0033495421521365644,"z":-0.0006318773375824094,"w":-1.0002498626708985},"size":273.5353698730469,"orthographic":false}