{"cameraMode":{"drawMode":0,"name":"Shaded","section":"Shading Mode"},"sceneLighting":false,"audioPlay":false,"sceneViewState":{"showFog":false,"showMaterialUpdate":false,"showSkybox":false,"showFlares":false,"showImageEffects":false,"showParticleSystems":false},"in2DMode":false,"pivot":{"x":1.741281509399414,"y":-1.774259090423584,"z":-0.12000000476837158},"rotation":{"x":-0.1328769326210022,"y":0.15810035169124604,"z":-0.021604983136057855,"w":-0.9784502983093262},"size":2.6055610179901125,"orthographic":false}